LayerID, Total Cycles, Stall Cycles, Overall Util %, Mapping Efficiency %, Compute Util %,
0, 12865, 0, 13.501840021375825, 14.35546875, 13.238409562914413,
1, 11045, 0, 14.850611136260751, 18.75, 13.887477774955551,
