LayerID, Total Cycles, Stall Cycles, Overall Util %, Mapping Efficiency %, Compute Util %,
0, 50049, 0, 2.596416449379608, 2.63671875, 2.583203396779644,
1, 38597, 0, 35.26828509987823, 37.5, 34.58196783781724,
2, 18409, 0, 71.28035200173828, 90.0, 66.65989331978663,
3, 33137, 0, 79.19847904155476, 100.0, 74.06654813309626,
4, 25955, 0, 46.881140435368906, 100.0, 39.835002946375944,
