LayerID, Total Cycles, Stall Cycles, Overall Util %, Mapping Efficiency %, Compute Util %,
0, 50049, 0, 2.596416449379608, 2.63671875, 2.583203396779644,
1, 38597, 0, 35.26828509987823, 37.5, 34.58196783781724,
