LayerID, Total Cycles, Stall Cycles, Overall Util %, Mapping Efficiency %, Compute Util %,
0, 4809, 0, 18.34061135371179, 90.0, 14.494658997534923,
1, 8189, 0, 7.9130540969593355, 50.0, 6.1802575107296125,
